subpara,subpara_code
Antacids and simeticone,0101010
Sodium bicarbonate,0101012
Compound Alginates and proprietary indigestion preparations,0101021
Antispasmodic and other drugs altering gut motility,0102000
Test for helicobacter pylori,0103000
H2-Receptor antagonists,0103010
Selective antimuscarinics,0103020
Chelates and complexes,0103030
Prostaglandin analogues,0103040
Proton pump inhibitors,0103050
Other Ulcer-healing drugs,0103060
Adsorbents and bulk-forming drugs,0104010
Antimotility drugs,0104020
Enkephalinase inhibitors,0104030
Tryptophan hydroxylase inhibitors,0104040
Aminosalicylates,0105010
Corticosteroids,0105020
Drugs affecting immune response,0105030
Food allergy,0105040
Bulk-forming laxatives,0106010
Stimulant laxatives,0106020
Faecal softeners,0106030
Osmotic laxatives,0106040
Bowel cleansing preparations,0106050
Peripheral opioid-receptor antagonists,0106060
Other drugs used in constipation,0106070
Soothing haemorrhoidal preparations,0107010
Copound haemorrhoidal preparations with corticosteroid,0107020
Rectal sclerosants,0107030
Management of anal fissures,0107040
Local care of stoma,0108010
Drugs affecting biliary composition and flow,0109010
Pancreatin,0109040
Cardiac glycosides,0201010
Phosphodiesterase Type-3 inhibitors,0201020
Thiazides and related diuretics,0202010
Loop diuretics,0202020
Potassium-sparing diuretics and aldosterone antagonists,0202030
Potassium sparing diuretics and compounds,0202040
Osmotic diuretics,0202050
Diuretics with potassium,0202080
Drugs for arrhythmias,0203020
Beta-adrenoceptor blocking drugs,0204000
Vasodilator antihypertensive drugs,0205010
Centrally-acting antihypertensive drugs,0205020
Adrenergic neurone blocking drugs,0205030
Alpha-adrenoceptor blocking drugs,0205040
Angiotensin-converting enzyme inhibitors,0205051
Angiotensin-II receptor antagonists,0205052
Renin inhibitors,0205053
Ganglion-blocking drugs,0205060
Other adrenergic neurone blocking drugs,0205080
Nitrates,0206010
Calcium-channel blockers,0206020
Other antianginal drugs,0206030
Peripheral vasodilators and related drugs,0206040
Inotropic sympathomimetics,0207010
Vasoconstrictor sympathomimetics,0207020
Cardiopulmonary resuscitation,0207030
Parenteral anticoagulants,0208010
Oral anticoagulants,0208020
Protamine sulfate,0208030
Idarucizumab,0208040
Antiplatelet drugs,0209000
Fibrinolytic drugs,0210020
Antifibrinolytic drugs and haemostatics,0211000
Lipid-regulating drugs,0212000
Local sclerosants,0213000
Selective beta(2)-agonists,0301011
Other andrenoceptor agonists,0301012
Antimuscarinic bronchodilators,0301020
Theophylline,0301030
Compound bronchodilator preparations,0301040
Corticosteroids (respiratory),0302000
Cromoglycate and related therapy,0303010
Leukotriene receptor antagonists,0303020
Phosphodiesterase Type-4 inhibitors,0303030
Antihistamines,0304010
Allergen immunotherapy,0304020
Allergic emergencies,0304030
Respiratory stimulants,0305010
Mucolytics,0307000
Aromatic inhalations,0308000
Cough suppressants,0309010
Expectorant and demulcent cough preparations,0309020
Systemic nasal decongestants,0310000
Antifibrotics,0311010
Hypnotics,0401010
Anxiolytics,0401020
Barbiturates,0401030
Antipsychotic drugs,0402010
Antipsychotic depot injections,0402020
Drugs used for mania and hypomania,0402030
Tricyclic and related antidepressant drugs,0403010
Monoamine-oxidase inhibitors (maois),0403020
Selective serotonin re-uptake inhibitors,0403030
Other antidepressant drugs,0403040
CNS Stimulants and drugs used for ADHD,0404000
Gastro-intestinal anti-obesity drugs,0405010
Centrally-acting appetite suppressants,0405020
Drugs used in nausea and vertigo,0406000
Non-opioid analgesics and compound preparations,0407010
Opioid analgesics,0407020
Neuropathic pain,0407030
Treatment of acute migraine,0407041
Prophylaxis of migraine,0407042
Control of epilepsy,0408010
Drugs used in status epilepticus,0408020
Dopaminergic drugs used in parkinsonism,0409010
Antimuscarinic drugs used in parkinsonism,0409020
"Essential tremor,chorea,tics and related disorders",0409030
Alcohol dependence,0410010
Nicotine dependence,0410020
Opioid dependence,0410030
Drugs for dementia,0411000
Benzylpenicillin and phenoxymethylpenicillin,0501011
Penicillinase-resistant penicillins,0501012
Broad-spectrum penicillins,0501013
Antipseudomonal penicillins,0501014
Mecillinams,0501015
Cephalosporins and other beta-lactams,0501020
Cephalosporins,0501021
Carbapenems,0501022
Other beta-lactam antibiotics,0501023
Tetracyclines,0501030
Aminoglycosides,0501040
Macrolides,0501050
Clindamycin and lincomycin,0501060
Some other antibacterials,0501070
Sulfonamides and trimethoprim,0501080
Antituberculosis drugs,0501090
Antileprotic drugs,0501100
"Metronidazole, tinidazole and ornidazole",0501110
Quinolones,0501120
Urinary-tract infections,0501130
Triazole antifungals,0502010
Imidazole antifungals,0502020
Polyene antifungals,0502030
Echinocandin antifungals,0502040
Other antifungals,0502050
HIV infection,0503010
Herpes simplex and varicella-zoster,0503021
Cytomegalovirus infection,0503022
Chronic hepatitis B,0503031
Chronic hepatitis C,0503032
Influenza,0503040
Respiratory syncytial virus,0503050
Coronavirus,0503060
Antimalarials,0504010
Amoebicides,0504020
Antigiardial drugs,0504040
Leishmaniacides,0504050
Trypanocides,0504060
Drugs for pneumocystis pneumonia,0504080
Drugs for threadworms,0505010
Ascaricides,0505020
Drugs for tapeworm infections,0505030
Schistosomicides,0505050
Filaricides,0505060
Drugs for strongyloidiasis,0505080
Short-acting insulins,0601011
Intermediate and long-acting insulins,0601012
Sulfonylureas,0601021
Biguanides,0601022
Other antidiabetic drugs,0601023
Treatment of hypoglycaemia,0601040
Diabetic diagnostic and monitoring agents,0601060
Thyroid hormones,0602010
Antithyroid drugs,0602020
Replacement therapy,0603010
Use of corticosteroids,0603020
Oestrogens and Hormone Replacement Therapy,0604011
Progestogens and progesterone receptor modulators,0604012
Male sex hormones and antagonists,0604020
Anabolic steroids,0604030
Hypothalamic & anterior pituitary hormone & antioestrogens,0605010
Posterior pituitary hormones and antagonists,0605020
Calcitonin and parathyroid hormone,0606010
Bisphosphonates and other drugs,0606020
Bromocriptine and other dopaminergic drugs,0607010
Drugs affecting gonadotrophins,0607020
Metyrapone,0607030
Somatomedins,0607040
Metreleptin,0607050
Prostaglandins and oxytocics,0701010
Drugs affecting the ductus arteriosus,0701011
Mifepristone,0701020
Mifepristone and misoprostol,0701021
Myometrial relaxants,0701030
Preparations for vaginal/vulval changes,0702010
Vaginal and vulval infections,0702020
Combined hormonal contraceptives,0703010
Combined hormonal systems,0703011
Oral progestogen-only contraceptives,0703021
Parenteral progestogen-only contraceptives,0703022
Intra-uterine progestogen-only device,0703023
Spermicidal contraceptives,0703030
Emergency contraception,0703050
Drugs for urinary retention,0704010
Drugs for urinary frequency enuresis and incontinence,0704020
Drugs used in urological pain,0704030
Bladder instillations/urological surgery,0704040
Drugs for erectile dysfunction,0704050
Drugs for premature ejaculation,0704060
Drugs for cytotoxic-induced side-effects,0801000
Alkylating drugs,0801010
Anthracyclines and cytotoxic antibiotics,0801020
Antimetabolites,0801030
Vinca alkaloids and etoposide,0801040
Other antineoplastic drugs,0801050
Other cytotoxic drugs,0801060
Antiproliferative immunosuppressants,0802010
Corticosteroids and other immunosuppressants,0802020
Anti-lymphocyte monoclonal antibodies,0802030
Other immunomodulating drugs,0802040
Oestrogens,0803010
Progestogens,0803020
Androgens,0803030
Breast cancer,0803041
Prostate cancer and gonadorelin analogues,0803042
Somatostatin analogues,0803043
Oral iron,0901011
Parenteral iron,0901012
Drugs used in megaloblastic anaemias,0901020
Hypoplastic/haemolytic and renal anaemias,0901030
Drugs used in platelet disorders,0901040
Drugs used in neutropenia,0901060
Drugs used to mobilise stem cells,0901070
Oral potassium,0902011
Oral sodium and water,0902012
Oral bicarbonate,0902013
Electrolytes and water,0902021
Plasma and plasma substitutes,0902022
Intravenous nutrition,0903000
Foods for special diets,0904010
Enteral nutrition,0904020
Calcium supplements,0905011
Hypercalcaemia,0905012
Magnesium,0905013
Phosphate supplements,0905021
Phosphate binding agents,0905022
Fluoride,0905030
Zinc,0905041
Chromium,0905042
Kelp,0905044
Selenium,0905047
Other mineral formulations,0905048
Selenium,0905050
Vitamin A,0906011
Betacarotene,0906012
Nicotinamide (B7),0906022
Pantothenic acid (Calcium Pantothenate),0906023
Pyridoxine hydrochloride (B6),0906024
Riboflavine (B2),0906025
Thiamine hydrochloride (B1),0906026
Vitamin B compound,0906027
Other vitamin B preparations,0906028
Vitamin C (ascorbic acid),0906031
Other vitamin C preparations,0906033
Vitamin D,0906040
Other vitamin D preparations,0906048
Vitamin E,0906050
Vitamin K,0906060
Multivitamin preparations,0906070
Bitters and tonics,0907000
Drugs used in metabolic disorders,0908010
Acute porphyrias,0908020
Foods,0909000
Compound vitamin and mineral formulations,0910000
Amino acids and nutritional agents,0911010
Enzymes,0911020
Digestive aids,0911040
Other health supplements,0912000
Non-steroidal anti-inflammatory drugs,1001010
Local corticosteroid injections,1001022
Rheumatic disease suppressant drugs,1001030
Gout and cytotoxic induced hyperiuicaemia,1001040
Other drugs for rheumatic diseases,1001050
Drugs which enhance neuromuscular transmission,1002010
Skeletal muscle relaxants,1002020
Enzymes,1003010
"Rubefacients, topical NSAIDS, capsaicin and poultice",1003020
Antibacterials,1103010
Antifungals,1103020
Antivirals,1103030
Corticosteroids,1104010
Other anti-inflammatory preparations,1104020
Mydriatics and cycloplegics,1105000
Treatment of glaucoma,1106000
Local anaesthetics,1107000
"Tear deficiency, eye lubricant/astringent",1108010
Ocular diagnostic & peri-operative prepn & photodynamic tt,1108020
Other eye preparations,1108030
Otitis externa,1201010
Removal of ear wax and other substances,1201030
Drugs used in nasal allergy,1202010
Topical nasal decongestants,1202020
Nasal preparations for infection,1202030
Drugs for oral ulceration and inflammation,1203010
Oropharyngeal anti-infective drugs,1203020
Lozenges and sprays,1203030
"Mouth-washes, gargles and dentifrices",1203040
Treatment of dry mouth,1203050
Vehicles,1301010
Emollients,1302010
Emollient bath and shower preparations,1302011
Barrier preparations,1302020
Dusting-powders,1302030
Topical local anaesthetics and antipruritics,1303000
Topical corticosteroids,1304000
Preparations for eczema,1305010
Preparations for psoriasis,1305020
Drugs affecting the immune response,1305030
Topical preparations for acne,1306010
Oral preparations for acne,1306020
Topical preparation for rosacea,1306030
Preparations for warts and calluses,1307000
Sunscreening preparations,1308010
Camouflagers,1308020
Shampoos and some other scalp preparations,1309000
Antibacterial preparations only used topically,1310011
Antibacterial preparations also used systemically,1310012
Antifungal preparations,1310020
Antiviral preparations,1310030
Parasiticidal preparations,1310040
Preparations for minor cuts and abrasions,1310050
Alcohols and saline,1311010
Chlorhexidine salts,1311020
Cationic surfactants and soaps,1311030
Chlorine and iodine,1311040
Phenolics,1311050
Oxidisers and dyes,1311060
Desloughing agents,1311070
Antiperspirants,1312000
Medicated stockings,1313010
Gel and colloid dressings,1313080
Topical circulatory preparations,1314000
Miscellaneous topical preparations,1315000
Diagnostic vaccines,1403000
Vaccines and antisera,1404000
Other immunoglobulins,1405000
Normal immunoglobulin,1405010
Disease-specific immunoglobulins,1405020
Anti-D (Rho) immunoglobulin,1405030
Intravenous anaesthetics,1501010
Inhalational anaesthetics,1501020
Antimuscarinic drugs,1501030
Benzodiazepines,1501041
Non-opioid analgesics,1501042
Opioid analgesics,1501043
Neuromuscular blocking drugs,1501050
Anticholinesterases used in anaesthesia,1501060
Antagonists for respiratory depression,1501070
Drugs for malignant hyperthermia,1501080
Local anaesthetics,1502010
X-ray contrast media,1803000
Diagnostic agents,1804000
"Alcohol, wines and spirits",1901000
Individually formulated preparations bought in,1902010
Individually formulated preparations prepared extemp,1902020
Homeopathic preparations,1902030
Household and other over the counter lines,1902050
Toiletries,1902055
Poisoning antidotes,1902070
Single substances,1904000
Other preparations,1905000
Acids,1906000
Concentrated waters,1906010
Extracts,1906030
Oils,1906050
Tinctures,1906060
Syrups,1906070
"Base,diluent, suspending agents and stabilisers",1907000
"Colouring,flavouring and sweetening agents",1908000
"Disinfectants, preservatives and sterilising agents",1909000
Cordials and soft drinks,1913000
Sterile water,1914010
Purified water,1914020
Other gases,1915000
DUMMY SUB-PARAGRAPH 2001000,2001000
DUMMY SUB-PARAGRAPH 2002010,2002010
DUMMY SUB-PARAGRAPH 2002020,2002020
DUMMY SUB-PARAGRAPH 2003000,2003000
DUMMY SUB-PARAGRAPH 2003010,2003010
DUMMY SUB-PARAGRAPH 2003020,2003020
DUMMY SUB-PARAGRAPH 2003030,2003030
DUMMY SUB-PARAGRAPH 2003040,2003040
DUMMY SUB-PARAGRAPH 2003050,2003050
DUMMY SUB-PARAGRAPH 2003060,2003060
DUMMY SUB-PARAGRAPH 2003070,2003070
DUMMY SUB-PARAGRAPH 2003080,2003080
DUMMY SUB-PARAGRAPH 2003090,2003090
DUMMY SUB-PARAGRAPH 2003100,2003100
DUMMY SUB-PARAGRAPH 2003110,2003110
DUMMY SUB-PARAGRAPH 2003120,2003120
DUMMY SUB-PARAGRAPH 2003130,2003130
DUMMY SUB-PARAGRAPH 2003140,2003140
DUMMY SUB-PARAGRAPH 2003150,2003150
DUMMY SUB-PARAGRAPH 2003160,2003160
DUMMY SUB-PARAGRAPH 2003170,2003170
DUMMY SUB-PARAGRAPH 2003180,2003180
DUMMY SUB-PARAGRAPH 2003190,2003190
DUMMY SUB-PARAGRAPH 2003200,2003200
DUMMY SUB-PARAGRAPH 2003210,2003210
DUMMY SUB-PARAGRAPH 2003220,2003220
DUMMY SUB-PARAGRAPH 2003230,2003230
DUMMY SUB-PARAGRAPH 2003240,2003240
DUMMY SUB-PARAGRAPH 2003250,2003250
DUMMY SUB-PARAGRAPH 2003260,2003260
DUMMY SUB-PARAGRAPH 2003270,2003270
DUMMY SUB-PARAGRAPH 2003280,2003280
DUMMY SUB-PARAGRAPH 2003290,2003290
DUMMY SUB-PARAGRAPH 2003300,2003300
DUMMY SUB-PARAGRAPH 2004020,2004020
DUMMY SUB-PARAGRAPH 2004030,2004030
DUMMY SUB-PARAGRAPH 2005000,2005000
DUMMY SUB-PARAGRAPH 2005010,2005010
DUMMY SUB-PARAGRAPH 2005020,2005020
DUMMY SUB-PARAGRAPH 2005030,2005030
DUMMY SUB-PARAGRAPH 2005040,2005040
DUMMY SUB-PARAGRAPH 2005050,2005050
DUMMY SUB-PARAGRAPH 2005060,2005060
DUMMY SUB-PARAGRAPH 2006000,2006000
DUMMY SUB-PARAGRAPH 2007000,2007000
DUMMY SUB-PARAGRAPH 2008000,2008000
DUMMY SUB-PARAGRAPH 2009000,2009000
DUMMY SUB-PARAGRAPH 2010000,2010000
DUMMY SUB-PARAGRAPH 2011000,2011000
DUMMY SUB-PARAGRAPH 2012000,2012000
DUMMY SUB-PARAGRAPH 2014000,2014000
DUMMY SUB-PARAGRAPH 2015000,2015000
DUMMY SUB-PARAGRAPH 2017000,2017000
DUMMY SUB-PARAGRAPH 2018000,2018000
DUMMY SUB-PARAGRAPH 2020000,2020000
DUMMY SUB-PARAGRAPH 2101000,2101000
DUMMY SUB-PARAGRAPH 2101010,2101010
DUMMY SUB-PARAGRAPH 2101022,2101022
DUMMY SUB-PARAGRAPH 2101023,2101023
DUMMY SUB-PARAGRAPH 2101030,2101030
DUMMY SUB-PARAGRAPH 2101050,2101050
DUMMY SUB-PARAGRAPH 2101060,2101060
DUMMY SUB-PARAGRAPH 2101080,2101080
DUMMY SUB-PARAGRAPH 2101090,2101090
DUMMY SUB-PARAGRAPH 2101100,2101100
DUMMY SUB-PARAGRAPH 2101110,2101110
DUMMY SUB-PARAGRAPH 2101120,2101120
DUMMY SUB-PARAGRAPH 2101130,2101130
DUMMY SUB-PARAGRAPH 2101150,2101150
DUMMY SUB-PARAGRAPH 2101200,2101200
DUMMY SUB-PARAGRAPH 2101210,2101210
DUMMY SUB-PARAGRAPH 2101220,2101220
DUMMY SUB-PARAGRAPH 2101230,2101230
DUMMY SUB-PARAGRAPH 2101240,2101240
DUMMY SUB-PARAGRAPH 2101250,2101250
DUMMY SUB-PARAGRAPH 2101260,2101260
DUMMY SUB-PARAGRAPH 2102000,2102000
DUMMY SUB-PARAGRAPH 2103000,2103000
DUMMY SUB-PARAGRAPH 2104000,2104000
DUMMY SUB-PARAGRAPH 2106010,2106010
DUMMY SUB-PARAGRAPH 2106020,2106020
DUMMY SUB-PARAGRAPH 2107010,2107010
DUMMY SUB-PARAGRAPH 2107030,2107030
DUMMY SUB-PARAGRAPH 2107041,2107041
DUMMY SUB-PARAGRAPH 2107042,2107042
DUMMY SUB-PARAGRAPH 2107051,2107051
DUMMY SUB-PARAGRAPH 2107052,2107052
DUMMY SUB-PARAGRAPH 2107053,2107053
DUMMY SUB-PARAGRAPH 2107061,2107061
DUMMY SUB-PARAGRAPH 2107062,2107062
DUMMY SUB-PARAGRAPH 2107063,2107063
DUMMY SUB-PARAGRAPH 2108000,2108000
DUMMY SUB-PARAGRAPH 2112000,2112000
DUMMY SUB-PARAGRAPH 2113000,2113000
DUMMY SUB-PARAGRAPH 2113010,2113010
DUMMY SUB-PARAGRAPH 2114000,2114000
DUMMY SUB-PARAGRAPH 2116000,2116000
DUMMY SUB-PARAGRAPH 2117000,2117000
DUMMY SUB-PARAGRAPH 2118000,2118000
DUMMY SUB-PARAGRAPH 2119000,2119000
DUMMY SUB-PARAGRAPH 2120000,2120000
DUMMY SUB-PARAGRAPH 2121000,2121000
DUMMY SUB-PARAGRAPH 2122000,2122000
DUMMY SUB-PARAGRAPH 2123000,2123000
DUMMY SUB-PARAGRAPH 2124000,2124000
DUMMY SUB-PARAGRAPH 2125000,2125000
DUMMY SUB-PARAGRAPH 2126000,2126000
DUMMY SUB-PARAGRAPH 2127000,2127000
DUMMY SUB-PARAGRAPH 2128000,2128000
DUMMY SUB-PARAGRAPH 2129000,2129000
DUMMY SUB-PARAGRAPH 2130000,2130000
DUMMY SUB-PARAGRAPH 2131000,2131000
DUMMY SUB-PARAGRAPH 2132000,2132000
DUMMY SUB-PARAGRAPH 2133000,2133000
DUMMY SUB-PARAGRAPH 2134000,2134000
DUMMY SUB-PARAGRAPH 2135000,2135000
DUMMY SUB-PARAGRAPH 2136000,2136000
DUMMY SUB-PARAGRAPH 2137000,2137000
DUMMY SUB-PARAGRAPH 2138000,2138000
DUMMY SUB-PARAGRAPH 2139000,2139000
DUMMY SUB-PARAGRAPH 2140000,2140000
DUMMY SUB-PARAGRAPH 2141000,2141000
DUMMY SUB-PARAGRAPH 2142000,2142000
DUMMY SUB-PARAGRAPH 2143000,2143000
DUMMY SUB-PARAGRAPH 2144000,2144000
DUMMY SUB-PARAGRAPH 2145000,2145000
DUMMY SUB-PARAGRAPH 2146010,2146010
DUMMY SUB-PARAGRAPH 2147010,2147010
DUMMY SUB-PARAGRAPH 2148000,2148000
DUMMY SUB-PARAGRAPH 2149000,2149000
DUMMY SUB-PARAGRAPH 2202100,2202100
DUMMY SUB-PARAGRAPH 2202383,2202383
DUMMY SUB-PARAGRAPH 2205050,2205050
DUMMY SUB-PARAGRAPH 2205095,2205095
DUMMY SUB-PARAGRAPH 2205100,2205100
DUMMY SUB-PARAGRAPH 2205175,2205175
DUMMY SUB-PARAGRAPH 2205208,2205208
DUMMY SUB-PARAGRAPH 2205240,2205240
DUMMY SUB-PARAGRAPH 2205265,2205265
DUMMY SUB-PARAGRAPH 2205295,2205295
DUMMY SUB-PARAGRAPH 2205488,2205488
DUMMY SUB-PARAGRAPH 2205505,2205505
DUMMY SUB-PARAGRAPH 2205585,2205585
DUMMY SUB-PARAGRAPH 2205605,2205605
DUMMY SUB-PARAGRAPH 2205615,2205615
DUMMY SUB-PARAGRAPH 2210060,2210060
DUMMY SUB-PARAGRAPH 2210100,2210100
DUMMY SUB-PARAGRAPH 2210240,2210240
DUMMY SUB-PARAGRAPH 2210530,2210530
DUMMY SUB-PARAGRAPH 2210540,2210540
DUMMY SUB-PARAGRAPH 2215010,2215010
DUMMY SUB-PARAGRAPH 2215045,2215045
DUMMY SUB-PARAGRAPH 2215100,2215100
DUMMY SUB-PARAGRAPH 2215106,2215106
DUMMY SUB-PARAGRAPH 2220125,2220125
DUMMY SUB-PARAGRAPH 2220240,2220240
DUMMY SUB-PARAGRAPH 2220530,2220530
DUMMY SUB-PARAGRAPH 2220585,2220585
DUMMY SUB-PARAGRAPH 2230010,2230010
DUMMY SUB-PARAGRAPH 2230050,2230050
DUMMY SUB-PARAGRAPH 2230075,2230075
DUMMY SUB-PARAGRAPH 2230090,2230090
DUMMY SUB-PARAGRAPH 2230095,2230095
DUMMY SUB-PARAGRAPH 2230100,2230100
DUMMY SUB-PARAGRAPH 2230106,2230106
DUMMY SUB-PARAGRAPH 2230125,2230125
DUMMY SUB-PARAGRAPH 2230195,2230195
DUMMY SUB-PARAGRAPH 2230208,2230208
DUMMY SUB-PARAGRAPH 2230240,2230240
DUMMY SUB-PARAGRAPH 2230245,2230245
DUMMY SUB-PARAGRAPH 2230290,2230290
DUMMY SUB-PARAGRAPH 2230295,2230295
DUMMY SUB-PARAGRAPH 2230340,2230340
DUMMY SUB-PARAGRAPH 2230395,2230395
DUMMY SUB-PARAGRAPH 2230410,2230410
DUMMY SUB-PARAGRAPH 2230475,2230475
DUMMY SUB-PARAGRAPH 2230495,2230495
DUMMY SUB-PARAGRAPH 2230585,2230585
DUMMY SUB-PARAGRAPH 2230605,2230605
DUMMY SUB-PARAGRAPH 2230615,2230615
DUMMY SUB-PARAGRAPH 2240030,2240030
DUMMY SUB-PARAGRAPH 2240080,2240080
DUMMY SUB-PARAGRAPH 2240100,2240100
DUMMY SUB-PARAGRAPH 2240125,2240125
DUMMY SUB-PARAGRAPH 2240235,2240235
DUMMY SUB-PARAGRAPH 2240240,2240240
DUMMY SUB-PARAGRAPH 2240295,2240295
DUMMY SUB-PARAGRAPH 2240340,2240340
DUMMY SUB-PARAGRAPH 2240410,2240410
DUMMY SUB-PARAGRAPH 2240475,2240475
DUMMY SUB-PARAGRAPH 2240480,2240480
DUMMY SUB-PARAGRAPH 2250010,2250010
DUMMY SUB-PARAGRAPH 2250050,2250050
DUMMY SUB-PARAGRAPH 2250075,2250075
DUMMY SUB-PARAGRAPH 2250095,2250095
DUMMY SUB-PARAGRAPH 2250100,2250100
DUMMY SUB-PARAGRAPH 2250125,2250125
DUMMY SUB-PARAGRAPH 2250175,2250175
DUMMY SUB-PARAGRAPH 2250208,2250208
DUMMY SUB-PARAGRAPH 2250240,2250240
DUMMY SUB-PARAGRAPH 2250265,2250265
DUMMY SUB-PARAGRAPH 2250295,2250295
DUMMY SUB-PARAGRAPH 2250340,2250340
DUMMY SUB-PARAGRAPH 2250377,2250377
DUMMY SUB-PARAGRAPH 2250387,2250387
DUMMY SUB-PARAGRAPH 2250410,2250410
DUMMY SUB-PARAGRAPH 2250425,2250425
DUMMY SUB-PARAGRAPH 2250480,2250480
DUMMY SUB-PARAGRAPH 2250488,2250488
DUMMY SUB-PARAGRAPH 2250500,2250500
DUMMY SUB-PARAGRAPH 2250505,2250505
DUMMY SUB-PARAGRAPH 2250530,2250530
DUMMY SUB-PARAGRAPH 2250540,2250540
DUMMY SUB-PARAGRAPH 2250585,2250585
DUMMY SUB-PARAGRAPH 2250605,2250605
DUMMY SUB-PARAGRAPH 2250615,2250615
DUMMY SUB-PARAGRAPH 2260010,2260010
DUMMY SUB-PARAGRAPH 2260012,2260012
DUMMY SUB-PARAGRAPH 2260045,2260045
DUMMY SUB-PARAGRAPH 2260050,2260050
DUMMY SUB-PARAGRAPH 2260070,2260070
DUMMY SUB-PARAGRAPH 2260075,2260075
DUMMY SUB-PARAGRAPH 2260095,2260095
DUMMY SUB-PARAGRAPH 2260100,2260100
DUMMY SUB-PARAGRAPH 2260175,2260175
DUMMY SUB-PARAGRAPH 2260208,2260208
DUMMY SUB-PARAGRAPH 2260240,2260240
DUMMY SUB-PARAGRAPH 2260265,2260265
DUMMY SUB-PARAGRAPH 2260295,2260295
DUMMY SUB-PARAGRAPH 2260318,2260318
DUMMY SUB-PARAGRAPH 2260345,2260345
DUMMY SUB-PARAGRAPH 2260360,2260360
DUMMY SUB-PARAGRAPH 2260377,2260377
DUMMY SUB-PARAGRAPH 2260387,2260387
DUMMY SUB-PARAGRAPH 2260410,2260410
DUMMY SUB-PARAGRAPH 2260425,2260425
DUMMY SUB-PARAGRAPH 2260480,2260480
DUMMY SUB-PARAGRAPH 2260488,2260488
DUMMY SUB-PARAGRAPH 2260505,2260505
DUMMY SUB-PARAGRAPH 2260508,2260508
DUMMY SUB-PARAGRAPH 2260530,2260530
DUMMY SUB-PARAGRAPH 2260540,2260540
DUMMY SUB-PARAGRAPH 2260560,2260560
DUMMY SUB-PARAGRAPH 2260585,2260585
DUMMY SUB-PARAGRAPH 2260590,2260590
DUMMY SUB-PARAGRAPH 2260605,2260605
DUMMY SUB-PARAGRAPH 2260615,2260615
DUMMY SUB-PARAGRAPH 2270050,2270050
DUMMY SUB-PARAGRAPH 2270100,2270100
DUMMY SUB-PARAGRAPH 2270240,2270240
DUMMY SUB-PARAGRAPH 2270265,2270265
DUMMY SUB-PARAGRAPH 2270295,2270295
DUMMY SUB-PARAGRAPH 2270349,2270349
DUMMY SUB-PARAGRAPH 2270488,2270488
DUMMY SUB-PARAGRAPH 2270540,2270540
DUMMY SUB-PARAGRAPH 2270630,2270630
DUMMY SUB-PARAGRAPH 2280010,2280010
DUMMY SUB-PARAGRAPH 2280050,2280050
DUMMY SUB-PARAGRAPH 2280075,2280075
DUMMY SUB-PARAGRAPH 2280095,2280095
DUMMY SUB-PARAGRAPH 2280100,2280100
DUMMY SUB-PARAGRAPH 2280125,2280125
DUMMY SUB-PARAGRAPH 2280175,2280175
DUMMY SUB-PARAGRAPH 2280193,2280193
DUMMY SUB-PARAGRAPH 2280197,2280197
DUMMY SUB-PARAGRAPH 2280208,2280208
DUMMY SUB-PARAGRAPH 2280232,2280232
DUMMY SUB-PARAGRAPH 2280240,2280240
DUMMY SUB-PARAGRAPH 2280245,2280245
DUMMY SUB-PARAGRAPH 2280265,2280265
DUMMY SUB-PARAGRAPH 2280295,2280295
DUMMY SUB-PARAGRAPH 2280340,2280340
DUMMY SUB-PARAGRAPH 2280377,2280377
DUMMY SUB-PARAGRAPH 2280395,2280395
DUMMY SUB-PARAGRAPH 2280410,2280410
DUMMY SUB-PARAGRAPH 2280445,2280445
DUMMY SUB-PARAGRAPH 2280480,2280480
DUMMY SUB-PARAGRAPH 2280488,2280488
DUMMY SUB-PARAGRAPH 2280495,2280495
DUMMY SUB-PARAGRAPH 2280505,2280505
DUMMY SUB-PARAGRAPH 2280540,2280540
DUMMY SUB-PARAGRAPH 2280585,2280585
DUMMY SUB-PARAGRAPH 2280605,2280605
DUMMY SUB-PARAGRAPH 2280615,2280615
DUMMY SUB-PARAGRAPH 2280620,2280620
DUMMY SUB-PARAGRAPH 2285349,2285349
DUMMY SUB-PARAGRAPH 2285395,2285395
DUMMY SUB-PARAGRAPH 2290010,2290010
DUMMY SUB-PARAGRAPH 2290050,2290050
DUMMY SUB-PARAGRAPH 2290060,2290060
DUMMY SUB-PARAGRAPH 2290075,2290075
DUMMY SUB-PARAGRAPH 2290087,2290087
DUMMY SUB-PARAGRAPH 2290125,2290125
DUMMY SUB-PARAGRAPH 2290160,2290160
DUMMY SUB-PARAGRAPH 2290219,2290219
DUMMY SUB-PARAGRAPH 2290240,2290240
DUMMY SUB-PARAGRAPH 2290280,2290280
DUMMY SUB-PARAGRAPH 2290295,2290295
DUMMY SUB-PARAGRAPH 2290340,2290340
DUMMY SUB-PARAGRAPH 2290389,2290389
DUMMY SUB-PARAGRAPH 2290410,2290410
DUMMY SUB-PARAGRAPH 2290530,2290530
DUMMY SUB-PARAGRAPH 2290540,2290540
DUMMY SUB-PARAGRAPH 2290571,2290571
DUMMY SUB-PARAGRAPH 2290585,2290585
DUMMY SUB-PARAGRAPH 2305060,2305060
DUMMY SUB-PARAGRAPH 2305070,2305070
DUMMY SUB-PARAGRAPH 2305090,2305090
DUMMY SUB-PARAGRAPH 2305095,2305095
DUMMY SUB-PARAGRAPH 2305100,2305100
DUMMY SUB-PARAGRAPH 2305106,2305106
DUMMY SUB-PARAGRAPH 2305240,2305240
DUMMY SUB-PARAGRAPH 2305335,2305335
DUMMY SUB-PARAGRAPH 2305337,2305337
DUMMY SUB-PARAGRAPH 2305345,2305345
DUMMY SUB-PARAGRAPH 2305410,2305410
DUMMY SUB-PARAGRAPH 2305430,2305430
DUMMY SUB-PARAGRAPH 2305440,2305440
DUMMY SUB-PARAGRAPH 2305530,2305530
DUMMY SUB-PARAGRAPH 2305540,2305540
DUMMY SUB-PARAGRAPH 2305585,2305585
DUMMY SUB-PARAGRAPH 2305590,2305590
DUMMY SUB-PARAGRAPH 2305650,2305650
DUMMY SUB-PARAGRAPH 2310010,2310010
DUMMY SUB-PARAGRAPH 2310295,2310295
DUMMY SUB-PARAGRAPH 2310353,2310353
DUMMY SUB-PARAGRAPH 2310410,2310410
DUMMY SUB-PARAGRAPH 2315010,2315010
DUMMY SUB-PARAGRAPH 2315070,2315070
DUMMY SUB-PARAGRAPH 2315090,2315090
DUMMY SUB-PARAGRAPH 2315095,2315095
DUMMY SUB-PARAGRAPH 2315100,2315100
DUMMY SUB-PARAGRAPH 2315106,2315106
DUMMY SUB-PARAGRAPH 2315208,2315208
DUMMY SUB-PARAGRAPH 2315209,2315209
DUMMY SUB-PARAGRAPH 2315306,2315306
DUMMY SUB-PARAGRAPH 2315335,2315335
DUMMY SUB-PARAGRAPH 2315336,2315336
DUMMY SUB-PARAGRAPH 2315337,2315337
DUMMY SUB-PARAGRAPH 2315345,2315345
DUMMY SUB-PARAGRAPH 2315353,2315353
DUMMY SUB-PARAGRAPH 2315393,2315393
DUMMY SUB-PARAGRAPH 2315410,2315410
DUMMY SUB-PARAGRAPH 2315480,2315480
DUMMY SUB-PARAGRAPH 2315590,2315590
DUMMY SUB-PARAGRAPH 2315600,2315600
DUMMY SUB-PARAGRAPH 2315650,2315650
DUMMY SUB-PARAGRAPH 2320010,2320010
DUMMY SUB-PARAGRAPH 2320045,2320045
DUMMY SUB-PARAGRAPH 2320060,2320060
DUMMY SUB-PARAGRAPH 2320070,2320070
DUMMY SUB-PARAGRAPH 2320090,2320090
DUMMY SUB-PARAGRAPH 2320100,2320100
DUMMY SUB-PARAGRAPH 2320120,2320120
DUMMY SUB-PARAGRAPH 2320345,2320345
DUMMY SUB-PARAGRAPH 2320410,2320410
DUMMY SUB-PARAGRAPH 2320430,2320430
DUMMY SUB-PARAGRAPH 2320440,2320440
DUMMY SUB-PARAGRAPH 2320480,2320480
DUMMY SUB-PARAGRAPH 2320585,2320585
DUMMY SUB-PARAGRAPH 2320590,2320590
DUMMY SUB-PARAGRAPH 2325026,2325026
DUMMY SUB-PARAGRAPH 2325044,2325044
DUMMY SUB-PARAGRAPH 2325060,2325060
DUMMY SUB-PARAGRAPH 2325100,2325100
DUMMY SUB-PARAGRAPH 2325105,2325105
DUMMY SUB-PARAGRAPH 2325108,2325108
DUMMY SUB-PARAGRAPH 2325120,2325120
DUMMY SUB-PARAGRAPH 2325240,2325240
DUMMY SUB-PARAGRAPH 2325330,2325330
DUMMY SUB-PARAGRAPH 2325337,2325337
DUMMY SUB-PARAGRAPH 2325345,2325345
DUMMY SUB-PARAGRAPH 2325410,2325410
DUMMY SUB-PARAGRAPH 2325440,2325440
DUMMY SUB-PARAGRAPH 2325530,2325530
DUMMY SUB-PARAGRAPH 2325540,2325540
DUMMY SUB-PARAGRAPH 2325585,2325585
DUMMY SUB-PARAGRAPH 2325595,2325595
DUMMY SUB-PARAGRAPH 2330000,2330000
DUMMY SUB-PARAGRAPH 2330010,2330010
DUMMY SUB-PARAGRAPH 2330026,2330026
DUMMY SUB-PARAGRAPH 2330045,2330045
DUMMY SUB-PARAGRAPH 2330060,2330060
DUMMY SUB-PARAGRAPH 2330070,2330070
DUMMY SUB-PARAGRAPH 2330085,2330085
DUMMY SUB-PARAGRAPH 2330100,2330100
DUMMY SUB-PARAGRAPH 2330102,2330102
DUMMY SUB-PARAGRAPH 2330105,2330105
DUMMY SUB-PARAGRAPH 2330108,2330108
DUMMY SUB-PARAGRAPH 2330120,2330120
DUMMY SUB-PARAGRAPH 2330125,2330125
DUMMY SUB-PARAGRAPH 2330213,2330213
DUMMY SUB-PARAGRAPH 2330240,2330240
DUMMY SUB-PARAGRAPH 2330305,2330305
DUMMY SUB-PARAGRAPH 2330324,2330324
DUMMY SUB-PARAGRAPH 2330335,2330335
DUMMY SUB-PARAGRAPH 2330337,2330337
DUMMY SUB-PARAGRAPH 2330345,2330345
DUMMY SUB-PARAGRAPH 2330355,2330355
DUMMY SUB-PARAGRAPH 2330365,2330365
DUMMY SUB-PARAGRAPH 2330370,2330370
DUMMY SUB-PARAGRAPH 2330400,2330400
DUMMY SUB-PARAGRAPH 2330410,2330410
DUMMY SUB-PARAGRAPH 2330415,2330415
DUMMY SUB-PARAGRAPH 2330430,2330430
DUMMY SUB-PARAGRAPH 2330440,2330440
DUMMY SUB-PARAGRAPH 2330480,2330480
DUMMY SUB-PARAGRAPH 2330530,2330530
DUMMY SUB-PARAGRAPH 2330540,2330540
DUMMY SUB-PARAGRAPH 2330560,2330560
DUMMY SUB-PARAGRAPH 2330585,2330585
DUMMY SUB-PARAGRAPH 2330590,2330590
DUMMY SUB-PARAGRAPH 2330595,2330595
DUMMY SUB-PARAGRAPH 2335000,2335000
DUMMY SUB-PARAGRAPH 2335010,2335010
DUMMY SUB-PARAGRAPH 2335045,2335045
DUMMY SUB-PARAGRAPH 2335060,2335060
DUMMY SUB-PARAGRAPH 2335070,2335070
DUMMY SUB-PARAGRAPH 2335095,2335095
DUMMY SUB-PARAGRAPH 2335100,2335100
DUMMY SUB-PARAGRAPH 2335106,2335106
DUMMY SUB-PARAGRAPH 2335240,2335240
DUMMY SUB-PARAGRAPH 2335305,2335305
DUMMY SUB-PARAGRAPH 2335335,2335335
DUMMY SUB-PARAGRAPH 2335345,2335345
DUMMY SUB-PARAGRAPH 2335365,2335365
DUMMY SUB-PARAGRAPH 2335410,2335410
DUMMY SUB-PARAGRAPH 2335430,2335430
DUMMY SUB-PARAGRAPH 2335440,2335440
DUMMY SUB-PARAGRAPH 2335480,2335480
DUMMY SUB-PARAGRAPH 2335530,2335530
DUMMY SUB-PARAGRAPH 2335540,2335540
DUMMY SUB-PARAGRAPH 2335560,2335560
DUMMY SUB-PARAGRAPH 2335585,2335585
DUMMY SUB-PARAGRAPH 2335590,2335590
DUMMY SUB-PARAGRAPH 2340240,2340240
DUMMY SUB-PARAGRAPH 2340365,2340365
DUMMY SUB-PARAGRAPH 2340430,2340430
DUMMY SUB-PARAGRAPH 2340440,2340440
DUMMY SUB-PARAGRAPH 2345010,2345010
DUMMY SUB-PARAGRAPH 2345045,2345045
DUMMY SUB-PARAGRAPH 2345060,2345060
DUMMY SUB-PARAGRAPH 2345070,2345070
DUMMY SUB-PARAGRAPH 2345090,2345090
DUMMY SUB-PARAGRAPH 2345100,2345100
DUMMY SUB-PARAGRAPH 2345106,2345106
DUMMY SUB-PARAGRAPH 2345145,2345145
DUMMY SUB-PARAGRAPH 2345225,2345225
DUMMY SUB-PARAGRAPH 2345270,2345270
DUMMY SUB-PARAGRAPH 2345306,2345306
DUMMY SUB-PARAGRAPH 2345336,2345336
DUMMY SUB-PARAGRAPH 2345337,2345337
DUMMY SUB-PARAGRAPH 2345345,2345345
DUMMY SUB-PARAGRAPH 2345410,2345410
DUMMY SUB-PARAGRAPH 2345430,2345430
DUMMY SUB-PARAGRAPH 2345440,2345440
DUMMY SUB-PARAGRAPH 2345488,2345488
DUMMY SUB-PARAGRAPH 2345585,2345585
DUMMY SUB-PARAGRAPH 2345590,2345590
DUMMY SUB-PARAGRAPH 2345600,2345600
DUMMY SUB-PARAGRAPH 2346045,2346045
DUMMY SUB-PARAGRAPH 2346060,2346060
DUMMY SUB-PARAGRAPH 2346090,2346090
DUMMY SUB-PARAGRAPH 2346095,2346095
DUMMY SUB-PARAGRAPH 2346106,2346106
DUMMY SUB-PARAGRAPH 2346306,2346306
DUMMY SUB-PARAGRAPH 2346335,2346335
DUMMY SUB-PARAGRAPH 2346336,2346336
DUMMY SUB-PARAGRAPH 2346337,2346337
DUMMY SUB-PARAGRAPH 2346345,2346345
DUMMY SUB-PARAGRAPH 2346480,2346480
DUMMY SUB-PARAGRAPH 2346590,2346590
DUMMY SUB-PARAGRAPH 2346650,2346650
DUMMY SUB-PARAGRAPH 2350010,2350010
DUMMY SUB-PARAGRAPH 2350045,2350045
DUMMY SUB-PARAGRAPH 2350100,2350100
DUMMY SUB-PARAGRAPH 2350110,2350110
DUMMY SUB-PARAGRAPH 2350336,2350336
DUMMY SUB-PARAGRAPH 2350337,2350337
DUMMY SUB-PARAGRAPH 2350410,2350410
DUMMY SUB-PARAGRAPH 2350585,2350585
DUMMY SUB-PARAGRAPH 2355060,2355060
DUMMY SUB-PARAGRAPH 2355100,2355100
DUMMY SUB-PARAGRAPH 2355120,2355120
DUMMY SUB-PARAGRAPH 2355125,2355125
DUMMY SUB-PARAGRAPH 2355240,2355240
DUMMY SUB-PARAGRAPH 2355365,2355365
DUMMY SUB-PARAGRAPH 2355410,2355410
DUMMY SUB-PARAGRAPH 2355430,2355430
DUMMY SUB-PARAGRAPH 2355440,2355440
DUMMY SUB-PARAGRAPH 2355530,2355530
DUMMY SUB-PARAGRAPH 2355540,2355540
DUMMY SUB-PARAGRAPH 2355585,2355585
DUMMY SUB-PARAGRAPH 2360000,2360000
DUMMY SUB-PARAGRAPH 2360010,2360010
DUMMY SUB-PARAGRAPH 2360045,2360045
DUMMY SUB-PARAGRAPH 2360060,2360060
DUMMY SUB-PARAGRAPH 2360070,2360070
DUMMY SUB-PARAGRAPH 2360095,2360095
DUMMY SUB-PARAGRAPH 2360100,2360100
DUMMY SUB-PARAGRAPH 2360106,2360106
DUMMY SUB-PARAGRAPH 2360120,2360120
DUMMY SUB-PARAGRAPH 2360125,2360125
DUMMY SUB-PARAGRAPH 2360240,2360240
DUMMY SUB-PARAGRAPH 2360305,2360305
DUMMY SUB-PARAGRAPH 2360335,2360335
DUMMY SUB-PARAGRAPH 2360345,2360345
DUMMY SUB-PARAGRAPH 2360365,2360365
DUMMY SUB-PARAGRAPH 2360410,2360410
DUMMY SUB-PARAGRAPH 2360440,2360440
DUMMY SUB-PARAGRAPH 2360480,2360480
DUMMY SUB-PARAGRAPH 2360530,2360530
DUMMY SUB-PARAGRAPH 2360540,2360540
DUMMY SUB-PARAGRAPH 2360560,2360560
DUMMY SUB-PARAGRAPH 2360585,2360585
DUMMY SUB-PARAGRAPH 2360590,2360590
DUMMY SUB-PARAGRAPH 2365120,2365120
DUMMY SUB-PARAGRAPH 2365125,2365125
DUMMY SUB-PARAGRAPH 2365365,2365365
DUMMY SUB-PARAGRAPH 2365530,2365530
DUMMY SUB-PARAGRAPH 2370010,2370010
DUMMY SUB-PARAGRAPH 2370027,2370027
DUMMY SUB-PARAGRAPH 2370045,2370045
DUMMY SUB-PARAGRAPH 2370070,2370070
DUMMY SUB-PARAGRAPH 2370100,2370100
DUMMY SUB-PARAGRAPH 2370175,2370175
DUMMY SUB-PARAGRAPH 2370335,2370335
DUMMY SUB-PARAGRAPH 2370375,2370375
DUMMY SUB-PARAGRAPH 2370530,2370530
DUMMY SUB-PARAGRAPH 2370565,2370565
DUMMY SUB-PARAGRAPH 2370660,2370660
DUMMY SUB-PARAGRAPH 2375045,2375045
DUMMY SUB-PARAGRAPH 2375100,2375100
DUMMY SUB-PARAGRAPH 2375102,2375102
DUMMY SUB-PARAGRAPH 2375120,2375120
DUMMY SUB-PARAGRAPH 2375240,2375240
DUMMY SUB-PARAGRAPH 2375337,2375337
DUMMY SUB-PARAGRAPH 2375410,2375410
DUMMY SUB-PARAGRAPH 2375415,2375415
DUMMY SUB-PARAGRAPH 2375430,2375430
DUMMY SUB-PARAGRAPH 2375460,2375460
DUMMY SUB-PARAGRAPH 2375480,2375480
DUMMY SUB-PARAGRAPH 2375530,2375530
DUMMY SUB-PARAGRAPH 2375585,2375585
DUMMY SUB-PARAGRAPH 2375590,2375590
DUMMY SUB-PARAGRAPH 2380010,2380010
DUMMY SUB-PARAGRAPH 2380029,2380029
DUMMY SUB-PARAGRAPH 2380060,2380060
DUMMY SUB-PARAGRAPH 2380070,2380070
DUMMY SUB-PARAGRAPH 2380077,2380077
DUMMY SUB-PARAGRAPH 2380090,2380090
DUMMY SUB-PARAGRAPH 2380095,2380095
DUMMY SUB-PARAGRAPH 2380100,2380100
DUMMY SUB-PARAGRAPH 2380106,2380106
DUMMY SUB-PARAGRAPH 2380208,2380208
DUMMY SUB-PARAGRAPH 2380209,2380209
DUMMY SUB-PARAGRAPH 2380222,2380222
DUMMY SUB-PARAGRAPH 2380275,2380275
DUMMY SUB-PARAGRAPH 2380295,2380295
DUMMY SUB-PARAGRAPH 2380304,2380304
DUMMY SUB-PARAGRAPH 2380306,2380306
DUMMY SUB-PARAGRAPH 2380310,2380310
DUMMY SUB-PARAGRAPH 2380332,2380332
DUMMY SUB-PARAGRAPH 2380335,2380335
DUMMY SUB-PARAGRAPH 2380336,2380336
DUMMY SUB-PARAGRAPH 2380337,2380337
DUMMY SUB-PARAGRAPH 2380340,2380340
DUMMY SUB-PARAGRAPH 2380343,2380343
DUMMY SUB-PARAGRAPH 2380345,2380345
DUMMY SUB-PARAGRAPH 2380393,2380393
DUMMY SUB-PARAGRAPH 2380410,2380410
DUMMY SUB-PARAGRAPH 2380470,2380470
DUMMY SUB-PARAGRAPH 2380480,2380480
DUMMY SUB-PARAGRAPH 2380485,2380485
DUMMY SUB-PARAGRAPH 2380488,2380488
DUMMY SUB-PARAGRAPH 2380585,2380585
DUMMY SUB-PARAGRAPH 2380600,2380600
DUMMY SUB-PARAGRAPH 2380610,2380610
DUMMY SUB-PARAGRAPH 2380650,2380650
DUMMY SUB-PARAGRAPH 2380655,2380655
DUMMY SUB-PARAGRAPH 2385010,2385010
DUMMY SUB-PARAGRAPH 2385045,2385045
DUMMY SUB-PARAGRAPH 2385060,2385060
DUMMY SUB-PARAGRAPH 2385070,2385070
DUMMY SUB-PARAGRAPH 2385090,2385090
DUMMY SUB-PARAGRAPH 2385095,2385095
DUMMY SUB-PARAGRAPH 2385100,2385100
DUMMY SUB-PARAGRAPH 2385120,2385120
DUMMY SUB-PARAGRAPH 2385240,2385240
DUMMY SUB-PARAGRAPH 2385335,2385335
DUMMY SUB-PARAGRAPH 2385337,2385337
DUMMY SUB-PARAGRAPH 2385345,2385345
DUMMY SUB-PARAGRAPH 2385365,2385365
DUMMY SUB-PARAGRAPH 2385410,2385410
DUMMY SUB-PARAGRAPH 2385415,2385415
DUMMY SUB-PARAGRAPH 2385430,2385430
DUMMY SUB-PARAGRAPH 2385440,2385440
DUMMY SUB-PARAGRAPH 2385480,2385480
DUMMY SUB-PARAGRAPH 2385585,2385585
DUMMY SUB-PARAGRAPH 2385590,2385590
DUMMY SUB-PARAGRAPH 2385858,2385858
DUMMY SUB-PARAGRAPH 2390010,2390010
DUMMY SUB-PARAGRAPH 2390045,2390045
DUMMY SUB-PARAGRAPH 2390060,2390060
DUMMY SUB-PARAGRAPH 2390070,2390070
DUMMY SUB-PARAGRAPH 2390100,2390100
DUMMY SUB-PARAGRAPH 2390335,2390335
DUMMY SUB-PARAGRAPH 2390345,2390345
DUMMY SUB-PARAGRAPH 2390410,2390410
DUMMY SUB-PARAGRAPH 2390480,2390480
DUMMY SUB-PARAGRAPH 2390530,2390530
DUMMY SUB-PARAGRAPH 2390560,2390560
DUMMY SUB-PARAGRAPH 2390585,2390585
DUMMY SUB-PARAGRAPH 2390590,2390590
DUMMY SUB-PARAGRAPH 2392010,2392010
DUMMY SUB-PARAGRAPH 2392335,2392335
DUMMY SUB-PARAGRAPH 2392410,2392410
DUMMY SUB-PARAGRAPH 2392530,2392530
DUMMY SUB-PARAGRAPH 2392585,2392585
DUMMY SUB-PARAGRAPH 2392590,2392590
DUMMY SUB-PARAGRAPH 2394010,2394010
DUMMY SUB-PARAGRAPH 2394045,2394045
DUMMY SUB-PARAGRAPH 2394060,2394060
DUMMY SUB-PARAGRAPH 2394070,2394070
DUMMY SUB-PARAGRAPH 2394100,2394100
DUMMY SUB-PARAGRAPH 2394101,2394101
DUMMY SUB-PARAGRAPH 2394305,2394305
DUMMY SUB-PARAGRAPH 2394335,2394335
DUMMY SUB-PARAGRAPH 2394345,2394345
DUMMY SUB-PARAGRAPH 2394410,2394410
DUMMY SUB-PARAGRAPH 2394480,2394480
DUMMY SUB-PARAGRAPH 2394481,2394481
DUMMY SUB-PARAGRAPH 2394540,2394540
DUMMY SUB-PARAGRAPH 2394560,2394560
DUMMY SUB-PARAGRAPH 2394585,2394585
DUMMY SUB-PARAGRAPH 2394590,2394590
DUMMY SUB-PARAGRAPH 2396000,2396000
DUMMY SUB-PARAGRAPH 2396010,2396010
DUMMY SUB-PARAGRAPH 2396045,2396045
DUMMY SUB-PARAGRAPH 2396060,2396060
DUMMY SUB-PARAGRAPH 2396070,2396070
DUMMY SUB-PARAGRAPH 2396095,2396095
DUMMY SUB-PARAGRAPH 2396100,2396100
DUMMY SUB-PARAGRAPH 2396106,2396106
DUMMY SUB-PARAGRAPH 2396120,2396120
DUMMY SUB-PARAGRAPH 2396125,2396125
DUMMY SUB-PARAGRAPH 2396240,2396240
DUMMY SUB-PARAGRAPH 2396305,2396305
DUMMY SUB-PARAGRAPH 2396324,2396324
DUMMY SUB-PARAGRAPH 2396335,2396335
DUMMY SUB-PARAGRAPH 2396345,2396345
DUMMY SUB-PARAGRAPH 2396410,2396410
DUMMY SUB-PARAGRAPH 2396480,2396480
DUMMY SUB-PARAGRAPH 2396530,2396530
DUMMY SUB-PARAGRAPH 2396540,2396540
DUMMY SUB-PARAGRAPH 2396560,2396560
DUMMY SUB-PARAGRAPH 2396585,2396585
DUMMY SUB-PARAGRAPH 2396590,2396590
DUMMY SUB-PARAGRAPH 2398120,2398120
DUMMY SUB-PARAGRAPH 2398585,2398585
